legajo,nombre,tipo,categoria,fecha,montoBase
1001,Paula Pérez,PERMANENTE,B,2009-07-18,100798
1002,Ana Díaz,CONTRATADO,A,2021-02-09,75332
1003,Javier Ramírez,CONTRATADO,A,2022-05-16,77536
1004,Lucía González,PERMANENTE,C,2013-08-18,63515
1005,Ana Díaz,CONTRATADO,C,2023-10-09,77253
1006,Ana López,PERMANENTE,A,2011-12-01,109357
1007,Javier Fernández,CONTRATADO,A,2021-06-15,96575
1008,Pedro Rodríguez,CONTRATADO,C,2022-05-03,116970
1009,Ana Ramírez,CONTRATADO,B,2023-06-03,89769
1010,Lucía Torres,CONTRATADO,C,2022-05-29,114172
1011,Juan López,CONTRATADO,B,2020-06-27,89537
1012,Lucía González,CONTRATADO,B,2021-03-14,69370
1013,Juan Rodríguez,PERMANENTE,B,2003-07-31,106268
1014,Paula Díaz,PERMANENTE,A,2016-02-22,60592
1015,Martín Rodríguez,CONTRATADO,A,2022-08-24,105605
1016,Sofía González,CONTRATADO,B,2023-08-23,95569
1017,Javier Rodríguez,CONTRATADO,A,2020-02-26,60143
1018,Pedro Romero,PERMANENTE,C,2005-01-09,117864
1019,Sofía Ramírez,CONTRATADO,C,2020-12-23,113863
1020,Carlos González,CONTRATADO,C,2020-02-25,83825
1021,Juan Suárez,PERMANENTE,A,2003-01-08,108988
1022,Sofía López,CONTRATADO,B,2020-10-11,114179
1023,Javier Díaz,CONTRATADO,B,2020-08-17,63970
1024,Martín Ramírez,PERMANENTE,B,2018-10-25,112396
1025,Martín Díaz,CONTRATADO,A,2021-01-25,106848
1026,Paula Ramírez,CONTRATADO,C,2022-05-27,83177
1027,Ana Suárez,CONTRATADO,A,2022-07-23,66966
1028,María Ramírez,PERMANENTE,C,2004-07-09,80196
1029,Ana González,PERMANENTE,A,2016-05-06,88459
1030,Carlos Pérez,PERMANENTE,A,2018-08-15,98131
1031,Pedro Fernández,PERMANENTE,B,2006-07-29,96391
1032,Ana Suárez,PERMANENTE,C,2008-03-26,91847
1033,María Díaz,CONTRATADO,C,2021-12-13,90401
1034,Carlos Fernández,CONTRATADO,C,2022-02-17,108629
1035,Ana Suárez,CONTRATADO,B,2020-12-17,93382
1036,Paula Torres,PERMANENTE,A,2013-07-28,109988
1037,Martín Suárez,PERMANENTE,A,2019-01-02,83220
1038,Pedro Romero,PERMANENTE,C,2010-07-28,75250
1039,Martín González,PERMANENTE,A,2006-05-10,96094
1040,Juan Romero,PERMANENTE,A,2014-08-05,111395
1041,Carlos Rodríguez,CONTRATADO,C,2022-08-05,83121
1042,Martín Torres,PERMANENTE,B,2000-12-05,74252
1043,Javier González,PERMANENTE,B,2009-07-31,108989
1044,Paula Díaz,CONTRATADO,A,2021-06-09,113317
1045,Javier González,PERMANENTE,A,2005-05-09,99954
1046,Lucía Díaz,PERMANENTE,C,2008-01-08,91426
1047,Ana Torres,PERMANENTE,C,2003-04-01,88383
1048,Ana González,CONTRATADO,A,2022-02-04,103935
1049,Lucía Suárez,CONTRATADO,C,2023-03-29,112437
1050,Sofía Pérez,PERMANENTE,A,2001-08-07,79507
1051,Pedro Rodríguez,CONTRATADO,C,2020-03-31,117458
1052,Carlos Pérez,PERMANENTE,A,2003-04-17,85004
1053,Lucía Suárez,CONTRATADO,A,2021-05-26,102460
1054,Sofía Pérez,PERMANENTE,C,2010-08-28,96876
1055,Carlos González,CONTRATADO,C,2020-10-16,97424
1056,Paula Rodríguez,PERMANENTE,A,2018-04-11,60173
1057,Juan Rodríguez,CONTRATADO,A,2023-04-02,68401
1058,Carlos Ramírez,PERMANENTE,B,2018-12-31,94921
1059,Pedro Díaz,PERMANENTE,A,2016-01-06,72563
1060,Sofía Torres,CONTRATADO,C,2022-08-06,70009
1061,Lucía Fernández,PERMANENTE,C,2009-01-31,102501
1062,Sofía López,CONTRATADO,B,2022-10-17,117817
1063,Ana Fernández,PERMANENTE,B,2007-04-23,81092
1064,Sofía Suárez,CONTRATADO,B,2021-03-12,102687
1065,Lucía Suárez,PERMANENTE,C,2006-03-17,94128
1066,Ana Fernández,CONTRATADO,B,2023-10-12,95474
1067,Sofía Fernández,PERMANENTE,C,2016-01-25,85218
1068,Sofía Pérez,CONTRATADO,C,2020-09-16,106728
1069,Lucía González,CONTRATADO,A,2020-03-31,103033
1070,Juan Romero,CONTRATADO,A,2023-02-01,72692
1071,Javier Ramírez,PERMANENTE,A,2008-11-05,95940
1072,Lucía López,PERMANENTE,C,2018-10-25,104433
1073,Ana López,PERMANENTE,B,2004-03-12,62350
1074,Ana Díaz,PERMANENTE,C,2016-01-20,110176
1075,Sofía Pérez,CONTRATADO,C,2020-05-04,71028
1076,Pedro Torres,PERMANENTE,C,2015-02-13,84829
1077,Ana Romero,PERMANENTE,B,2007-03-20,65565
1078,Pedro Torres,PERMANENTE,A,2019-10-22,60452
1079,Lucía Romero,PERMANENTE,B,2001-11-13,112729
1080,Lucía Fernández,CONTRATADO,B,2020-03-15,91561
1081,María Fernández,CONTRATADO,C,2022-06-18,110645
1082,María Suárez,PERMANENTE,B,2008-10-14,99473
1083,Sofía Romero,CONTRATADO,C,2020-10-14,91269
1084,Lucía Fernández,PERMANENTE,A,2001-06-14,101126
1085,Juan Rodríguez,CONTRATADO,C,2020-03-31,102361
1086,Pedro Fernández,CONTRATADO,B,2020-04-10,73107
1087,Lucía Fernández,CONTRATADO,B,2022-07-28,63607
1088,Juan López,CONTRATADO,C,2021-06-30,78972
1089,Pedro González,CONTRATADO,C,2023-05-12,70856
1090,María Rodríguez,PERMANENTE,A,2008-03-26,104452
1091,Paula Díaz,CONTRATADO,C,2021-08-09,95575
1092,Carlos Ramírez,CONTRATADO,A,2023-06-25,89777
1093,Ana Pérez,PERMANENTE,A,2008-10-22,99503
1094,Javier Pérez,CONTRATADO,A,2021-10-23,69188
1095,Sofía Torres,CONTRATADO,C,2020-05-08,94788
1096,Javier Díaz,PERMANENTE,C,2015-10-13,111935
1097,Sofía López,CONTRATADO,C,2023-05-22,117735
1098,Juan Suárez,PERMANENTE,B,2014-10-09,63378
1099,Javier Torres,PERMANENTE,C,2004-02-14,82190
1100,Paula Fernández,CONTRATADO,A,2020-01-21,63163
1101,Paula González,PERMANENTE,A,2016-06-10,91378
1102,Martín Pérez,CONTRATADO,B,2023-03-05,115655
1103,Carlos Rodríguez,CONTRATADO,C,2020-09-12,91979
1104,Pedro Rodríguez,PERMANENTE,B,2016-10-14,86901
1105,Javier Ramírez,PERMANENTE,C,2019-07-08,77395
1106,Sofía López,PERMANENTE,B,2015-11-30,107238
1107,Javier Torres,CONTRATADO,B,2021-07-29,67757
1108,María Rodríguez,CONTRATADO,A,2022-08-03,63299
1109,Martín Romero,PERMANENTE,C,2016-09-10,107702
1110,Paula Fernández,CONTRATADO,A,2020-12-24,114402
1111,Ana Pérez,CONTRATADO,A,2021-08-15,83325
1112,Javier Ramírez,PERMANENTE,A,2015-09-22,95652
1113,María Suárez,PERMANENTE,B,2005-09-28,117555
1114,Paula Pérez,PERMANENTE,C,2017-11-12,91202
1115,Ana Torres,PERMANENTE,A,2000-06-11,92184
1116,Pedro Díaz,CONTRATADO,A,2023-10-04,92865
1117,Ana González,PERMANENTE,C,2012-08-04,88776
1118,Lucía Díaz,CONTRATADO,B,2020-06-29,117228
1119,Lucía González,CONTRATADO,A,2022-10-04,65241
1120,Lucía Ramírez,PERMANENTE,A,2019-08-10,119022
1121,Martín Ramírez,PERMANENTE,C,2018-02-24,76341
1122,Pedro Rodríguez,CONTRATADO,B,2022-06-01,78480
1123,Juan González,PERMANENTE,B,2003-05-19,95583
1124,Javier Torres,CONTRATADO,A,2022-02-09,66819
1125,Pedro Fernández,PERMANENTE,B,2004-03-07,72668
1126,María Rodríguez,CONTRATADO,B,2022-03-13,65878
1127,María Pérez,PERMANENTE,A,2012-12-03,104545
1128,Pedro Rodríguez,PERMANENTE,B,2017-06-26,81606
1129,Pedro Romero,CONTRATADO,B,2020-01-06,99865
1130,Martín González,PERMANENTE,A,2009-08-07,81112
1131,Ana López,CONTRATADO,B,2022-12-30,75073
1132,Juan Díaz,PERMANENTE,C,2017-10-22,68112
1133,Martín Pérez,PERMANENTE,B,2011-05-14,86287
1134,Javier Ramírez,CONTRATADO,B,2023-03-30,99722
1135,María Rodríguez,CONTRATADO,A,2021-09-08,103206
1136,Pedro Pérez,CONTRATADO,A,2022-04-02,104852
1137,Martín Fernández,CONTRATADO,A,2022-12-27,100179
1138,Ana Pérez,CONTRATADO,B,2020-07-25,83560
1139,Carlos Torres,CONTRATADO,B,2022-03-24,98233
1140,Sofía Suárez,CONTRATADO,B,2023-06-22,81843
1141,Paula Fernández,CONTRATADO,A,2020-12-04,65559
1142,Juan Torres,CONTRATADO,B,2022-09-28,77369
1143,Lucía López,CONTRATADO,B,2023-05-28,104728
1144,Juan Fernández,CONTRATADO,C,2020-04-03,97043
1145,Ana López,PERMANENTE,A,2001-01-28,119318
1146,Pedro Díaz,CONTRATADO,A,2023-03-29,85552
1147,Javier Suárez,PERMANENTE,C,2005-11-25,67086
1148,Juan Torres,PERMANENTE,A,2004-01-02,110457
1149,Sofía Ramírez,PERMANENTE,C,2013-08-24,114629
1150,Sofía López,CONTRATADO,C,2023-02-13,83666
1151,Ana Díaz,CONTRATADO,B,2020-05-31,76606
1152,Pedro Pérez,PERMANENTE,C,2005-04-19,74438
1153,Paula González,PERMANENTE,C,2019-10-28,83544
1154,María Pérez,PERMANENTE,A,2000-11-20,113759
1155,Martín Díaz,PERMANENTE,B,2018-07-24,63565
1156,Juan Fernández,PERMANENTE,C,2013-07-28,64569
1157,Carlos Ramírez,PERMANENTE,B,2003-08-02,90134
1158,Javier Rodríguez,PERMANENTE,C,2001-01-22,91493
1159,Ana López,PERMANENTE,A,2006-03-03,98556
1160,Carlos Rodríguez,CONTRATADO,B,2021-10-12,99294
1161,Carlos Pérez,PERMANENTE,A,2007-11-04,107859
1162,María Fernández,CONTRATADO,C,2023-07-11,112212
1163,Pedro González,PERMANENTE,C,2014-01-30,103877
1164,Juan Díaz,CONTRATADO,A,2023-12-31,83885
1165,Juan González,CONTRATADO,A,2022-03-10,93605
1166,Sofía Romero,PERMANENTE,A,2011-08-25,97281
1167,Martín Rodríguez,PERMANENTE,B,2001-08-27,68116
1168,María Ramírez,CONTRATADO,A,2021-06-10,82769
1169,Ana López,CONTRATADO,C,2021-01-10,62777
1170,Javier González,PERMANENTE,A,2015-12-25,99238
1171,Javier Romero,CONTRATADO,A,2021-08-03,109909
1172,Ana López,CONTRATADO,A,2021-05-04,102547
1173,María Romero,CONTRATADO,C,2023-02-03,109599
1174,Martín González,CONTRATADO,A,2022-05-17,100681
1175,Martín González,CONTRATADO,A,2021-05-24,95100
1176,Juan Pérez,CONTRATADO,A,2021-01-20,107724
1177,Paula Torres,CONTRATADO,B,2020-03-09,71205
1178,Paula Suárez,PERMANENTE,A,2012-03-19,72208
1179,Juan Romero,CONTRATADO,B,2023-07-14,74468
1180,Paula Fernández,CONTRATADO,C,2020-01-07,96849
1181,Carlos Fernández,PERMANENTE,A,2012-04-28,76228
1182,Sofía Díaz,CONTRATADO,B,2023-04-09,90191
1183,María González,CONTRATADO,B,2022-12-19,113319
1184,Martín González,PERMANENTE,B,2012-11-22,96959
1185,Carlos González,PERMANENTE,A,2011-03-07,91386
1186,Ana Rodríguez,CONTRATADO,A,2023-10-01,85386
1187,Pedro Romero,PERMANENTE,B,2001-10-04,89932
1188,Sofía González,CONTRATADO,C,2023-04-22,83442
1189,Paula Suárez,PERMANENTE,B,2012-12-24,105027
1190,Ana Torres,CONTRATADO,A,2021-10-09,115126
1191,María Torres,CONTRATADO,B,2023-07-24,94213
1192,Martín López,PERMANENTE,A,2015-01-07,71862
1193,María Romero,PERMANENTE,C,2007-01-24,104807
1194,Paula Rodríguez,PERMANENTE,C,2017-11-22,89136
1195,Carlos Torres,CONTRATADO,C,2022-04-29,116588
1196,Sofía Díaz,CONTRATADO,B,2023-12-18,113281
1197,Javier López,PERMANENTE,B,2018-11-05,102604
1198,Paula Ramírez,CONTRATADO,A,2020-08-01,102028
1199,Paula Romero,PERMANENTE,C,2010-12-01,97885
1200,Ana Pérez,CONTRATADO,A,2021-04-19,95776
1201,Ana Romero,PERMANENTE,A,2009-09-17,114466
1202,Lucía Romero,CONTRATADO,B,2023-10-24,107898
1203,Javier Fernández,PERMANENTE,C,2005-09-11,63226
1204,Martín Ramírez,PERMANENTE,C,2015-02-03,79639
1205,Paula Romero,PERMANENTE,C,2011-07-03,98093
1206,Martín López,PERMANENTE,B,2009-07-06,80954
1207,María Ramírez,PERMANENTE,B,2012-10-16,116198
1208,Ana López,PERMANENTE,C,2012-11-16,94950
1209,María Torres,PERMANENTE,C,2013-06-26,62382
1210,Pedro López,PERMANENTE,A,2014-03-10,78486
1211,Pedro Romero,PERMANENTE,C,2012-10-24,105012
1212,Ana Suárez,CONTRATADO,A,2021-11-07,80910
1213,María Rodríguez,PERMANENTE,A,2013-12-14,101259
1214,Juan Fernández,PERMANENTE,B,2008-07-07,111585
1215,Paula Rodríguez,CONTRATADO,A,2023-08-11,76844
1216,María Díaz,CONTRATADO,C,2022-11-13,98302
1217,Sofía González,PERMANENTE,C,2008-03-27,87393
1218,Juan Romero,CONTRATADO,A,2022-11-24,60498
1219,Martín Pérez,CONTRATADO,A,2023-02-21,110424
1220,Carlos Pérez,PERMANENTE,C,2017-04-05,76251
1221,Juan Suárez,PERMANENTE,C,2010-12-19,112527
1222,Juan Pérez,PERMANENTE,B,2010-03-15,93551
1223,María Pérez,PERMANENTE,B,2001-11-02,109151
1224,Lucía Suárez,PERMANENTE,A,2012-05-12,107600
1225,Ana González,PERMANENTE,A,2011-02-13,84861
1226,Ana López,CONTRATADO,A,2021-10-02,108197
1227,Ana Ramírez,CONTRATADO,C,2023-10-19,117667
1228,Paula Torres,CONTRATADO,C,2022-06-27,118157
1229,Paula González,CONTRATADO,B,2023-02-08,78282
1230,Lucía Pérez,CONTRATADO,C,2023-04-17,61168
1231,Lucía Torres,PERMANENTE,C,2018-03-02,98412
1232,Paula González,CONTRATADO,C,2021-05-11,101089
1233,Martín Díaz,PERMANENTE,B,2002-06-17,114819
1234,Ana González,PERMANENTE,B,2010-12-01,68768
1235,Javier Pérez,CONTRATADO,C,2023-09-08,116120
1236,Ana Pérez,CONTRATADO,A,2023-09-01,116570
1237,Paula Romero,CONTRATADO,A,2022-02-28,102876
1238,Javier Ramírez,CONTRATADO,A,2021-09-15,64331
1239,María Rodríguez,PERMANENTE,C,2001-07-06,86562
1240,Paula Rodríguez,CONTRATADO,A,2023-09-23,102580
1241,Carlos González,PERMANENTE,A,2003-02-21,73217
1242,Juan González,PERMANENTE,C,2007-09-18,115874
1243,Juan Pérez,PERMANENTE,C,2004-07-17,95042
1244,Carlos Rodríguez,CONTRATADO,B,2022-08-21,88706
1245,Paula Romero,CONTRATADO,C,2023-10-10,105007
1246,Juan Díaz,CONTRATADO,A,2021-03-08,60311
1247,María Torres,CONTRATADO,C,2023-02-26,101592
1248,Carlos Torres,PERMANENTE,C,2018-10-03,110627
1249,Martín Fernández,CONTRATADO,A,2023-06-11,115517
1250,Ana Pérez,PERMANENTE,B,2015-01-24,62010
1251,Ana Fernández,PERMANENTE,A,2011-05-21,89017
1252,Pedro González,CONTRATADO,B,2020-06-21,64405
1253,Lucía Torres,CONTRATADO,A,2022-03-10,104143
1254,Pedro Ramírez,CONTRATADO,B,2021-09-12,64157
1255,Ana Pérez,CONTRATADO,B,2021-04-26,113481
1256,María López,PERMANENTE,A,2009-04-12,110142
1257,Carlos Torres,CONTRATADO,B,2020-11-05,116647
1258,Sofía Rodríguez,CONTRATADO,A,2021-02-13,84005
1259,Paula Torres,PERMANENTE,A,2011-11-10,113514
1260,Sofía López,CONTRATADO,C,2021-07-27,116989
1261,Pedro Torres,PERMANENTE,C,2014-11-22,85082
1262,Juan Suárez,CONTRATADO,A,2022-09-03,113574
1263,Pedro Ramírez,CONTRATADO,A,2020-01-29,79474
1264,Sofía Romero,PERMANENTE,A,2001-05-20,81377
1265,Carlos Pérez,PERMANENTE,A,2015-09-11,81776
1266,Carlos Suárez,PERMANENTE,C,2010-09-24,117921
1267,Ana Torres,PERMANENTE,A,2012-10-10,82167
1268,Pedro López,CONTRATADO,B,2020-10-25,66691
1269,Martín Fernández,PERMANENTE,C,2007-06-22,60517
1270,María Fernández,PERMANENTE,C,2005-05-29,103608
1271,María Rodríguez,CONTRATADO,B,2020-07-07,119945
1272,Carlos Díaz,PERMANENTE,A,2015-11-10,96261
1273,Lucía Romero,CONTRATADO,A,2022-12-23,72296
1274,Juan Ramírez,CONTRATADO,C,2021-08-31,74728
1275,Paula Romero,CONTRATADO,B,2021-05-29,60214
1276,Pedro López,PERMANENTE,A,2007-05-31,72449
1277,Pedro Díaz,CONTRATADO,A,2022-04-17,73162
1278,María López,PERMANENTE,B,2008-02-27,107567
1279,Javier Romero,PERMANENTE,A,2015-04-21,75156
1280,Carlos Díaz,CONTRATADO,C,2022-12-10,117837
1281,Sofía Fernández,CONTRATADO,A,2022-05-18,106552
1282,Paula López,PERMANENTE,C,2011-01-19,83813
1283,Juan Fernández,PERMANENTE,B,2009-06-08,110580
1284,Martín Díaz,CONTRATADO,B,2022-05-31,115794
1285,Paula Romero,PERMANENTE,B,2004-02-17,88850
1286,María Díaz,PERMANENTE,B,2011-01-28,65292
1287,Carlos Rodríguez,PERMANENTE,A,2016-01-01,67219
1288,Martín López,CONTRATADO,C,2023-06-03,100255
1289,Lucía Fernández,PERMANENTE,A,2006-03-03,97501
1290,Paula López,CONTRATADO,B,2021-04-25,60353
1291,Paula Suárez,CONTRATADO,A,2021-07-31,108210
1292,María Fernández,CONTRATADO,A,2021-12-28,84426
1293,Juan Suárez,PERMANENTE,A,2016-12-12,106498
1294,Paula López,PERMANENTE,A,2016-01-19,84360
1295,Ana Torres,CONTRATADO,C,2022-11-15,92617
1296,Carlos Torres,CONTRATADO,B,2020-11-09,113459
1297,Javier López,PERMANENTE,C,2018-01-14,73253
1298,Carlos López,PERMANENTE,B,2003-11-13,91288
1299,María González,CONTRATADO,A,2020-02-21,71103
1300,Ana González,CONTRATADO,C,2020-02-09,99384
1301,Lucía Ramírez,PERMANENTE,C,2016-08-09,79270
1302,Lucía Fernández,CONTRATADO,B,2023-01-12,107905
1303,Sofía Suárez,PERMANENTE,C,2009-11-17,118520
1304,Juan Suárez,CONTRATADO,C,2021-06-28,105741
1305,Martín Romero,CONTRATADO,A,2021-07-07,87156
1306,Carlos Pérez,PERMANENTE,C,2016-05-28,95852
1307,Ana Torres,CONTRATADO,C,2023-11-25,85570
1308,Juan González,PERMANENTE,C,2005-04-14,80619
1309,Martín González,CONTRATADO,B,2021-07-05,93276
1310,Martín Torres,PERMANENTE,A,2008-06-05,67750
1311,Javier Suárez,PERMANENTE,B,2004-06-28,91152
1312,Paula Torres,PERMANENTE,B,2018-12-19,67019
1313,Pedro Romero,CONTRATADO,B,2020-08-25,72212
1314,Juan Rodríguez,PERMANENTE,A,2018-09-15,74446
1315,Lucía Fernández,CONTRATADO,A,2020-07-29,80465
1316,Martín Rodríguez,PERMANENTE,A,2005-01-03,70905
1317,Lucía Ramírez,PERMANENTE,C,2010-03-20,102705
1318,Paula Suárez,CONTRATADO,C,2023-06-05,96563
1319,Ana Ramírez,PERMANENTE,B,2006-01-07,105880
1320,Lucía Romero,CONTRATADO,B,2022-11-08,61368
1321,María González,CONTRATADO,B,2023-09-27,86157
1322,Juan Pérez,PERMANENTE,B,2001-03-09,83345
1323,Carlos Suárez,CONTRATADO,B,2022-11-07,109573
1324,Sofía Ramírez,CONTRATADO,B,2021-09-18,112380
1325,Carlos Rodríguez,PERMANENTE,B,2009-10-02,103902
1326,Ana Fernández,CONTRATADO,B,2021-03-06,106108
1327,Juan Fernández,CONTRATADO,C,2023-09-18,104536
1328,Paula Torres,CONTRATADO,B,2020-02-16,66007
1329,Juan López,CONTRATADO,B,2022-02-11,75831
1330,Sofía Fernández,PERMANENTE,A,2016-03-02,65223
1331,Ana González,PERMANENTE,C,2000-10-30,107687
1332,Ana Suárez,CONTRATADO,C,2021-08-11,77921
1333,Paula Díaz,PERMANENTE,A,2019-06-22,95058
1334,Carlos Pérez,PERMANENTE,B,2010-06-19,119004
1335,María Suárez,CONTRATADO,C,2021-12-16,79554
1336,Carlos Suárez,CONTRATADO,C,2022-09-20,110233
1337,Pedro Suárez,CONTRATADO,C,2023-11-22,87509
1338,Martín Ramírez,PERMANENTE,B,2008-03-27,104223
1339,Martín Suárez,PERMANENTE,C,2015-09-13,81954
1340,María Romero,CONTRATADO,A,2022-04-25,75065
1341,Lucía López,CONTRATADO,A,2023-09-09,116500
1342,Martín Suárez,PERMANENTE,B,2004-07-01,88074
1343,Sofía González,PERMANENTE,B,2002-02-06,106288
1344,Lucía Torres,PERMANENTE,C,2017-05-24,61308
1345,Lucía Díaz,CONTRATADO,C,2023-09-05,84453
1346,Martín López,CONTRATADO,A,2023-08-06,100350
1347,Carlos Romero,CONTRATADO,A,2022-03-29,101117
1348,María Pérez,PERMANENTE,C,2003-09-15,75155
1349,Javier Díaz,CONTRATADO,B,2022-02-18,109803
1350,Carlos Pérez,CONTRATADO,C,2021-06-20,99260
1351,Lucía Romero,CONTRATADO,A,2022-10-23,82423
1352,Juan Fernández,PERMANENTE,B,2019-07-02,119560
1353,Juan Romero,CONTRATADO,C,2020-12-31,69897
1354,Javier Pérez,CONTRATADO,C,2023-01-23,117497
1355,Pedro Fernández,CONTRATADO,C,2021-04-20,69262
1356,Sofía Rodríguez,CONTRATADO,A,2021-02-06,83973
1357,Paula Fernández,CONTRATADO,B,2022-02-20,72920
1358,Sofía Fernández,PERMANENTE,A,2002-04-16,68493
1359,Ana Pérez,CONTRATADO,B,2022-09-22,68002
1360,Ana González,CONTRATADO,A,2021-06-11,101044
1361,Lucía Suárez,CONTRATADO,C,2023-07-29,81105
1362,Pedro Fernández,PERMANENTE,B,2015-06-04,113050
1363,Sofía Ramírez,PERMANENTE,C,2002-09-20,105385
1364,Martín Torres,PERMANENTE,A,2018-09-29,73135
1365,Ana González,PERMANENTE,B,2010-05-10,117100
1366,Ana Romero,PERMANENTE,C,2010-01-02,103025
1367,Pedro Suárez,PERMANENTE,A,2000-08-21,80595
1368,Juan Ramírez,CONTRATADO,A,2020-10-26,76093
1369,Lucía Rodríguez,PERMANENTE,A,2018-04-24,92290
1370,Sofía Torres,CONTRATADO,B,2022-06-19,117152
1371,Javier López,CONTRATADO,A,2023-05-16,87720
1372,Lucía Fernández,PERMANENTE,B,2010-09-01,64708
1373,María Díaz,PERMANENTE,A,2012-08-01,86069
1374,Paula López,PERMANENTE,B,2002-12-11,83053
1375,Javier Pérez,PERMANENTE,B,2000-10-03,80110
1376,Juan Pérez,CONTRATADO,C,2020-01-28,73005
1377,María López,CONTRATADO,C,2022-09-02,100192
1378,Carlos Suárez,CONTRATADO,B,2021-10-24,107031
1379,Sofía Rodríguez,CONTRATADO,B,2020-09-15,87947
1380,Martín Pérez,CONTRATADO,B,2022-03-11,84066
1381,Sofía Torres,CONTRATADO,C,2020-09-25,108055
1382,María Rodríguez,CONTRATADO,C,2021-12-01,75410
1383,Sofía Suárez,CONTRATADO,B,2023-02-13,65236
1384,Sofía Ramírez,PERMANENTE,C,2007-04-16,78331
1385,Pedro González,CONTRATADO,C,2023-05-29,72963
1386,Juan González,CONTRATADO,C,2020-04-19,89726
1387,Martín Díaz,CONTRATADO,B,2021-12-31,115907
1388,Martín López,PERMANENTE,B,2008-05-27,67107
1389,Pedro Rodríguez,PERMANENTE,B,2018-04-27,63811
1390,María Fernández,PERMANENTE,A,2018-01-27,100763
1391,Juan Pérez,CONTRATADO,A,2022-09-26,65787
1392,Juan Torres,CONTRATADO,A,2023-07-05,88596
1393,Paula Fernández,PERMANENTE,B,2013-06-25,116795
1394,María González,PERMANENTE,B,2015-10-25,108272
1395,Ana Pérez,PERMANENTE,B,2014-04-10,69611
1396,Javier Rodríguez,CONTRATADO,A,2022-10-19,106256
1397,Juan Ramírez,PERMANENTE,C,2010-08-04,78290
1398,Carlos Pérez,PERMANENTE,C,2012-07-07,118085
1399,Carlos López,PERMANENTE,A,2000-04-19,116779
1400,Javier Díaz,PERMANENTE,B,2004-08-21,84639
1401,Pedro Romero,PERMANENTE,C,2016-12-11,109123
1402,María Ramírez,CONTRATADO,B,2023-01-27,104763
1403,Pedro Suárez,PERMANENTE,C,2013-01-26,78201
1404,Carlos Pérez,PERMANENTE,C,2012-09-18,74941
1405,Ana Suárez,CONTRATADO,B,2022-05-03,65781
1406,Paula López,PERMANENTE,C,2007-01-14,112753
1407,Paula Rodríguez,CONTRATADO,B,2022-11-07,71162
1408,Pedro Romero,CONTRATADO,A,2023-09-21,116520
1409,Carlos Ramírez,CONTRATADO,B,2020-12-03,90325
1410,María Suárez,CONTRATADO,B,2020-12-12,78324
1411,Carlos Fernández,PERMANENTE,A,2008-06-07,88608
1412,Sofía Ramírez,CONTRATADO,A,2023-04-02,72536
1413,Ana Díaz,PERMANENTE,B,2017-06-02,97084
1414,Sofía Rodríguez,CONTRATADO,A,2020-05-20,92021
1415,Carlos Rodríguez,PERMANENTE,A,2018-04-04,84995
1416,María Ramírez,CONTRATADO,B,2020-06-27,99382
1417,Pedro González,CONTRATADO,B,2022-03-02,82543
1418,María Torres,CONTRATADO,B,2021-07-30,87941
1419,María González,CONTRATADO,B,2022-06-24,89074
1420,Paula Pérez,CONTRATADO,A,2022-09-21,74967
1421,Pedro Romero,PERMANENTE,C,2002-02-15,70793
1422,Sofía Pérez,PERMANENTE,C,2012-04-09,108071
1423,Sofía Fernández,CONTRATADO,C,2021-10-06,69602
1424,Carlos Torres,PERMANENTE,B,2014-12-31,83104
1425,Juan Suárez,CONTRATADO,C,2020-02-04,118520
1426,Javier Torres,CONTRATADO,A,2023-06-09,64115
1427,Pedro Díaz,CONTRATADO,B,2023-09-11,97673
1428,Martín Rodríguez,CONTRATADO,A,2021-06-01,72616
1429,Javier Rodríguez,CONTRATADO,C,2023-04-27,80384
1430,Paula Díaz,CONTRATADO,B,2021-03-11,103967
1431,María González,PERMANENTE,B,2013-04-17,66768
1432,María Torres,CONTRATADO,B,2023-03-11,71215
1433,María Pérez,PERMANENTE,B,2007-07-03,75634
1434,Javier Pérez,CONTRATADO,C,2020-11-19,72741
1435,Ana Pérez,CONTRATADO,C,2023-12-24,79535
1436,Martín González,PERMANENTE,B,2008-10-27,61342
1437,Juan Torres,PERMANENTE,B,2013-07-22,109598
1438,Lucía Torres,PERMANENTE,C,2016-07-20,101588
1439,María Ramírez,PERMANENTE,A,2016-07-19,76681
1440,Sofía González,PERMANENTE,C,2008-03-01,83227
1441,Martín Romero,CONTRATADO,A,2021-10-11,111604
1442,Sofía Díaz,PERMANENTE,A,2003-03-22,66674
1443,Lucía Suárez,CONTRATADO,A,2022-11-26,70199
1444,Ana Romero,PERMANENTE,A,2014-06-18,83553
1445,Juan González,CONTRATADO,B,2022-02-06,87202
1446,Pedro Ramírez,CONTRATADO,B,2020-10-22,91298
1447,Pedro Fernández,PERMANENTE,A,2010-01-15,78374
1448,Sofía Pérez,CONTRATADO,A,2020-07-18,114476
1449,Paula Fernández,CONTRATADO,A,2020-07-01,72407
1450,Pedro Suárez,CONTRATADO,B,2022-05-20,100969
1451,María Díaz,CONTRATADO,B,2020-06-01,85441
1452,Paula González,PERMANENTE,A,2008-08-24,80935
1453,Martín Fernández,PERMANENTE,C,2011-09-28,109665
1454,Martín López,PERMANENTE,B,2005-03-09,105186
1455,Javier Díaz,CONTRATADO,A,2022-12-16,77050
1456,Carlos Suárez,PERMANENTE,A,2013-04-08,109571
1457,Carlos González,CONTRATADO,B,2022-04-19,101466
1458,Juan Díaz,PERMANENTE,B,2002-03-25,69723
1459,Carlos Pérez,CONTRATADO,A,2022-06-15,61664
1460,Lucía Pérez,PERMANENTE,C,2002-04-03,84003
1461,María Ramírez,CONTRATADO,C,2022-03-29,108115
1462,Sofía Torres,PERMANENTE,B,2006-10-19,69606
1463,Lucía Rodríguez,PERMANENTE,C,2015-07-21,118733
1464,Carlos Fernández,CONTRATADO,A,2020-12-03,110563
1465,Lucía Romero,PERMANENTE,A,2019-11-12,119492
1466,Martín Torres,CONTRATADO,A,2021-09-30,65720
1467,María Ramírez,PERMANENTE,A,2007-09-11,97779
1468,Carlos Ramírez,CONTRATADO,A,2021-05-18,91272
1469,Javier Díaz,PERMANENTE,B,2009-12-04,107898
1470,Lucía Romero,PERMANENTE,A,2010-09-08,97306
1471,Sofía Ramírez,PERMANENTE,C,2014-08-22,114654
1472,Javier González,CONTRATADO,C,2021-07-19,105751
1473,Sofía Pérez,PERMANENTE,B,2002-10-03,78187
1474,Sofía Ramírez,CONTRATADO,A,2022-09-21,110074
1475,Javier Rodríguez,PERMANENTE,B,2019-03-24,111609
1476,Juan Suárez,CONTRATADO,C,2023-02-13,76272
1477,Ana Torres,CONTRATADO,A,2023-05-12,79675
1478,Juan González,PERMANENTE,B,2013-06-16,71432
1479,Juan Fernández,CONTRATADO,B,2020-11-15,118359
1480,Martín Rodríguez,CONTRATADO,A,2020-02-02,67015
1481,Carlos González,CONTRATADO,C,2020-03-15,66745
1482,María Suárez,PERMANENTE,B,2005-02-23,98643
1483,Ana López,CONTRATADO,A,2021-12-09,105010
1484,Carlos Ramírez,CONTRATADO,C,2022-12-11,66055
1485,Pedro Díaz,CONTRATADO,C,2022-10-19,119746
1486,Paula Torres,CONTRATADO,B,2020-03-22,99154
1487,Juan Suárez,PERMANENTE,B,2006-12-09,119190
1488,Lucía Rodríguez,CONTRATADO,C,2022-05-04,73694
1489,Juan Ramírez,CONTRATADO,C,2022-05-27,110743
1490,Sofía Fernández,CONTRATADO,B,2022-07-17,76001
1491,Ana Fernández,PERMANENTE,C,2001-09-02,74674
1492,Martín Torres,CONTRATADO,B,2023-05-09,82664
1493,María Suárez,PERMANENTE,B,2005-11-21,113891
1494,Pedro Suárez,PERMANENTE,C,2007-07-12,69429
1495,Paula Ramírez,PERMANENTE,C,2001-08-31,105374
1496,Lucía Fernández,CONTRATADO,C,2021-01-07,101274
1497,Carlos González,CONTRATADO,C,2020-11-21,112091
1498,Pedro Torres,PERMANENTE,B,2012-05-22,107439
1499,Pedro Rodríguez,PERMANENTE,B,2007-11-20,78326
1500,Sofía López,CONTRATADO,A,2022-05-10,76091
1501,Paula Ramírez,CONTRATADO,A,2023-08-17,104685
1502,María Rodríguez,CONTRATADO,A,2020-07-20,60166
1503,María Pérez,CONTRATADO,B,2022-08-05,116623
1504,Paula Ramírez,PERMANENTE,C,2004-11-29,103212
1505,Carlos Fernández,CONTRATADO,C,2021-01-14,92945
1506,Paula Torres,PERMANENTE,A,2008-07-14,105405
1507,Ana Suárez,PERMANENTE,C,2008-11-08,97631
1508,María Pérez,PERMANENTE,A,2004-02-29,113708
1509,Paula Díaz,PERMANENTE,C,2012-02-03,92882
1510,Carlos González,PERMANENTE,C,2006-11-17,97835
1511,Javier Torres,PERMANENTE,A,2017-02-23,81866
1512,Lucía Díaz,PERMANENTE,C,2015-11-23,110070
1513,Martín Suárez,CONTRATADO,C,2020-04-21,95500
1514,Lucía González,CONTRATADO,C,2023-02-27,111068
1515,Paula Fernández,PERMANENTE,A,2012-02-24,111201
1516,Ana Pérez,PERMANENTE,C,2002-11-22,101645
1517,Paula López,CONTRATADO,B,2020-07-14,77961
1518,Martín Suárez,PERMANENTE,B,2011-08-07,79851
1519,María Díaz,CONTRATADO,A,2022-08-25,67563
1520,Pedro Torres,CONTRATADO,A,2020-09-28,105681
1521,María Díaz,PERMANENTE,B,2013-01-12,83536
1522,Lucía Díaz,PERMANENTE,C,2017-12-11,88747
1523,Carlos Ramírez,PERMANENTE,B,2017-05-25,117154
1524,María Rodríguez,PERMANENTE,A,2017-01-17,82996
1525,Carlos Romero,CONTRATADO,B,2020-06-19,69501
1526,Paula González,CONTRATADO,A,2020-05-16,96666
1527,Javier González,PERMANENTE,B,2001-04-25,84642
1528,Juan Díaz,PERMANENTE,B,2005-09-03,100691
1529,Martín Fernández,PERMANENTE,C,2018-09-16,97404
1530,Pedro Díaz,CONTRATADO,B,2020-02-09,102640
1531,Carlos Romero,PERMANENTE,B,2014-07-11,103308
1532,Javier López,PERMANENTE,C,2003-06-02,84358
1533,Paula Ramírez,PERMANENTE,B,2000-01-26,68027
1534,Pedro Rodríguez,PERMANENTE,B,2011-04-20,106454
1535,Carlos González,CONTRATADO,A,2022-10-08,118497
1536,Carlos González,PERMANENTE,A,2005-01-25,98296
1537,Ana González,PERMANENTE,B,2008-08-13,90470
1538,Pedro Torres,PERMANENTE,C,2013-02-21,109265
1539,María Pérez,PERMANENTE,C,2011-07-09,89022
1540,Juan Suárez,PERMANENTE,B,2000-10-30,75339
1541,Martín Suárez,CONTRATADO,A,2021-06-14,90555
1542,Carlos Rodríguez,CONTRATADO,C,2021-04-09,109312
1543,Javier Torres,CONTRATADO,B,2022-09-23,118479
1544,Javier Fernández,PERMANENTE,B,2019-10-05,82965
1545,Pedro Fernández,CONTRATADO,B,2022-04-22,86565
1546,Martín Díaz,CONTRATADO,A,2022-04-18,104888
1547,Carlos Romero,PERMANENTE,A,2001-07-07,94570
1548,Pedro Díaz,PERMANENTE,B,2009-07-23,65850
1549,Lucía González,PERMANENTE,C,2001-06-23,116997
1550,Juan Díaz,PERMANENTE,C,2013-11-09,110649
1551,Martín Romero,CONTRATADO,B,2020-09-02,109196
1552,Javier Fernández,PERMANENTE,B,2008-02-27,82909
1553,Sofía Suárez,PERMANENTE,C,2013-10-29,82505
1554,Martín González,PERMANENTE,B,2008-12-22,62563
1555,Lucía Torres,CONTRATADO,C,2020-10-17,70962
1556,María López,PERMANENTE,B,2000-01-03,62336
1557,Lucía González,PERMANENTE,B,2004-02-03,94202
1558,Javier Pérez,CONTRATADO,B,2022-03-14,104135
1559,Martín Pérez,CONTRATADO,C,2023-04-20,102484
1560,Juan López,CONTRATADO,C,2020-01-24,67035
1561,Ana Suárez,PERMANENTE,A,2004-04-04,115379
1562,Javier Rodríguez,PERMANENTE,A,2005-12-13,90527
1563,Ana Torres,CONTRATADO,A,2022-01-05,70270
1564,Javier López,CONTRATADO,C,2022-04-04,104706
1565,Pedro Torres,CONTRATADO,A,2020-01-19,63634
1566,María Ramírez,CONTRATADO,A,2023-10-02,115783
1567,Pedro Rodríguez,PERMANENTE,A,2002-09-01,80089
1568,Javier Torres,CONTRATADO,A,2020-07-01,79462
1569,Paula González,CONTRATADO,A,2021-10-07,80486
1570,Ana Ramírez,CONTRATADO,A,2020-04-19,115512
1571,Sofía López,PERMANENTE,A,2016-07-11,93324
1572,Sofía Ramírez,PERMANENTE,A,2003-04-25,78367
1573,Javier Romero,PERMANENTE,B,2004-05-13,73483
1574,Paula Pérez,PERMANENTE,B,2006-04-01,91553
1575,Carlos Suárez,PERMANENTE,C,2001-10-23,69909
1576,María Díaz,CONTRATADO,C,2021-09-01,113160
1577,Carlos Rodríguez,PERMANENTE,A,2007-12-30,105575
1578,María Díaz,PERMANENTE,A,2015-12-16,72680
1579,Ana Romero,CONTRATADO,C,2022-09-21,119397
1580,María Fernández,CONTRATADO,B,2020-06-11,106477
1581,Juan Ramírez,PERMANENTE,C,2015-02-07,82847
1582,Martín Pérez,PERMANENTE,B,2006-10-22,89596
1583,Pedro Ramírez,CONTRATADO,B,2022-08-29,66378
1584,Sofía Suárez,CONTRATADO,B,2023-12-24,105241
1585,Javier Romero,CONTRATADO,A,2023-12-08,60874
1586,Pedro Rodríguez,PERMANENTE,C,2002-03-11,115553
1587,María Pérez,CONTRATADO,C,2022-10-09,114623
1588,Paula González,CONTRATADO,A,2021-09-03,66291
1589,Juan Romero,CONTRATADO,C,2020-03-24,87283
1590,Paula Díaz,CONTRATADO,B,2023-06-01,99175
1591,Pedro González,CONTRATADO,A,2021-05-29,84993
1592,María Rodríguez,CONTRATADO,B,2020-02-22,89518
1593,Paula Torres,CONTRATADO,B,2020-01-15,97859
1594,Sofía Suárez,PERMANENTE,B,2000-02-27,104790
1595,Lucía Pérez,CONTRATADO,C,2022-02-09,86813
1596,Javier Suárez,PERMANENTE,A,2010-03-04,107861
1597,María Fernández,PERMANENTE,A,2016-08-19,113194
1598,Martín Romero,PERMANENTE,C,2000-06-08,96421
1599,Sofía Fernández,CONTRATADO,B,2023-08-23,70135
1600,María Romero,PERMANENTE,B,2001-09-14,74969
1601,Sofía González,CONTRATADO,A,2022-03-05,79278
1602,Pedro Rodríguez,CONTRATADO,B,2023-01-05,83731
1603,Javier González,CONTRATADO,C,2020-07-16,81638
1604,Ana Fernández,CONTRATADO,A,2022-08-21,64493
1605,Pedro Torres,PERMANENTE,C,2001-11-26,77000
1606,Sofía Suárez,CONTRATADO,B,2021-04-10,99373
1607,Lucía Torres,CONTRATADO,A,2022-06-02,94678
1608,Martín Rodríguez,PERMANENTE,A,2005-01-24,95917
1609,Javier Pérez,CONTRATADO,C,2021-03-27,90977
1610,Lucía Suárez,PERMANENTE,A,2010-04-19,110952
1611,Paula Pérez,PERMANENTE,B,2014-11-01,105724
1612,Juan Ramírez,PERMANENTE,B,2014-04-06,79041
1613,Ana López,CONTRATADO,B,2022-08-08,96023
1614,Pedro Torres,PERMANENTE,B,2017-10-08,81550
1615,Juan Ramírez,CONTRATADO,A,2023-12-11,83143
1616,Lucía Fernández,CONTRATADO,C,2021-01-21,63175
1617,Lucía Díaz,CONTRATADO,A,2023-06-08,90177
1618,Sofía Fernández,PERMANENTE,C,2018-01-22,109701
1619,Carlos Fernández,PERMANENTE,B,2000-07-03,61449
1620,Martín López,CONTRATADO,C,2020-03-27,73939
1621,Juan López,CONTRATADO,C,2022-02-21,93688
1622,Juan Torres,CONTRATADO,A,2022-10-01,104841
1623,Martín Torres,CONTRATADO,B,2022-06-22,84026
1624,Juan González,PERMANENTE,B,2016-09-03,119086
1625,Juan Ramírez,PERMANENTE,B,2004-05-18,96797
1626,Pedro González,CONTRATADO,B,2020-08-22,114860
1627,Ana López,CONTRATADO,C,2023-09-03,107701
1628,Carlos Fernández,PERMANENTE,C,2002-08-19,118693
1629,Carlos Suárez,CONTRATADO,B,2020-06-21,95496
1630,Lucía López,CONTRATADO,C,2020-01-20,68736
1631,Lucía Pérez,CONTRATADO,C,2023-11-04,104562
1632,Carlos Torres,PERMANENTE,C,2015-07-18,111566
1633,Sofía Romero,CONTRATADO,A,2022-09-23,114746
1634,Juan Fernández,PERMANENTE,C,2012-11-03,118543
1635,Martín Fernández,CONTRATADO,C,2020-10-10,94043
1636,Ana Romero,PERMANENTE,A,2007-10-20,89230
1637,Martín Torres,PERMANENTE,B,2000-10-12,85736
1638,Lucía Pérez,CONTRATADO,A,2020-12-08,89768
1639,Paula Suárez,CONTRATADO,C,2020-04-03,79650
1640,María González,CONTRATADO,B,2023-01-27,111632
1641,Martín Fernández,PERMANENTE,A,2015-11-14,72218
1642,Carlos Torres,CONTRATADO,C,2023-08-01,111966
1643,Martín Ramírez,PERMANENTE,A,2006-11-04,106634
1644,María Pérez,CONTRATADO,A,2023-05-22,71351
1645,Juan Fernández,PERMANENTE,A,2005-02-16,91574
1646,Martín Romero,PERMANENTE,A,2001-12-07,60026
1647,Sofía Suárez,PERMANENTE,B,2006-10-26,64376
1648,Ana González,CONTRATADO,B,2020-08-20,85406
1649,Sofía Torres,CONTRATADO,A,2020-11-13,78429
1650,Martín Fernández,PERMANENTE,A,2005-06-18,79522
1651,Sofía Fernández,PERMANENTE,B,2002-06-11,75902
1652,María Fernández,CONTRATADO,C,2021-04-17,90009
1653,Ana Rodríguez,CONTRATADO,C,2022-04-06,74673
1654,Carlos Romero,PERMANENTE,B,2009-10-05,89911
1655,Paula González,CONTRATADO,B,2020-01-26,65297
1656,Carlos Torres,CONTRATADO,C,2021-07-03,76466
1657,Sofía López,PERMANENTE,B,2013-03-04,93958
1658,Javier Ramírez,PERMANENTE,A,2018-12-08,84084
1659,Ana Rodríguez,CONTRATADO,B,2023-09-05,91439
1660,María González,PERMANENTE,A,2012-08-17,89039
1661,Sofía Torres,CONTRATADO,C,2023-09-19,97213
1662,Carlos González,PERMANENTE,B,2016-09-15,78796
1663,Lucía Pérez,CONTRATADO,C,2023-08-26,61553
1664,Ana González,CONTRATADO,B,2020-10-04,67887
1665,Pedro Pérez,PERMANENTE,A,2006-01-10,63478
1666,Javier Ramírez,CONTRATADO,A,2020-03-17,86820
1667,Ana González,PERMANENTE,C,2002-04-03,93339
1668,Paula Ramírez,PERMANENTE,C,2005-06-21,95864
1669,María Romero,CONTRATADO,B,2023-07-25,79582
1670,Ana López,PERMANENTE,B,2018-07-29,67512
1671,Ana Suárez,PERMANENTE,A,2011-04-08,70964
1672,Ana Torres,CONTRATADO,C,2023-06-23,64750
1673,Juan Rodríguez,CONTRATADO,C,2021-05-21,64657
1674,María González,PERMANENTE,B,2019-10-21,99076
1675,María Ramírez,PERMANENTE,A,2008-02-16,94666
1676,Ana Rodríguez,CONTRATADO,C,2022-07-04,93350
1677,Martín Díaz,PERMANENTE,B,2013-10-18,83547
1678,Paula Fernández,PERMANENTE,A,2019-06-11,77407
1679,Carlos Fernández,CONTRATADO,A,2020-01-02,116145
1680,Lucía López,CONTRATADO,C,2022-12-19,71745
1681,Lucía Fernández,CONTRATADO,A,2023-06-25,74436
1682,Javier Fernández,PERMANENTE,B,2014-08-01,114407
1683,Paula Rodríguez,CONTRATADO,C,2022-12-28,115477
1684,Ana Pérez,CONTRATADO,C,2021-05-15,80324
1685,Pedro Ramírez,PERMANENTE,A,2006-04-24,66066
1686,María López,PERMANENTE,B,2000-01-28,88014
1687,Pedro Pérez,PERMANENTE,B,2001-09-10,62421
1688,Lucía González,CONTRATADO,C,2021-09-10,99586
1689,Javier Suárez,CONTRATADO,B,2022-01-25,78951
1690,Sofía Rodríguez,CONTRATADO,C,2020-02-09,113451
1691,Sofía González,PERMANENTE,C,2003-08-24,117134
1692,Pedro Suárez,PERMANENTE,A,2007-06-22,113459
1693,Lucía Torres,CONTRATADO,C,2022-04-28,96065
1694,Javier Romero,PERMANENTE,C,2010-06-22,81460
1695,Sofía Suárez,PERMANENTE,B,2004-03-27,92528
1696,Sofía Suárez,CONTRATADO,A,2021-05-20,70478
1697,Carlos Fernández,PERMANENTE,A,2002-05-03,119002
1698,María Suárez,PERMANENTE,B,2005-09-29,92851
1699,Javier González,PERMANENTE,C,2007-03-12,62665
1700,Martín López,PERMANENTE,C,2008-10-10,62406
1701,Sofía Suárez,PERMANENTE,A,2016-02-25,100340
1702,Martín Pérez,PERMANENTE,A,2012-07-02,65422
1703,María Díaz,PERMANENTE,A,2008-01-03,118902
1704,Carlos Díaz,CONTRATADO,B,2020-05-17,70348
1705,Pedro Ramírez,PERMANENTE,B,2012-09-23,108929
1706,Carlos González,PERMANENTE,C,2006-09-23,81854
1707,Martín Díaz,PERMANENTE,A,2005-11-08,77068
1708,Javier Díaz,PERMANENTE,B,2007-07-22,101993
1709,Ana Romero,CONTRATADO,C,2022-03-20,99281
1710,Juan Rodríguez,PERMANENTE,C,2000-12-27,73413
1711,Pedro Fernández,PERMANENTE,A,2012-10-28,87350
1712,Martín Ramírez,PERMANENTE,A,2004-07-18,102491
1713,Martín Romero,CONTRATADO,B,2022-01-22,116973
1714,Pedro Torres,CONTRATADO,A,2020-06-24,113713
1715,Lucía Fernández,CONTRATADO,A,2023-02-17,85968
1716,Lucía Ramírez,PERMANENTE,A,2000-06-28,75655
1717,María Ramírez,CONTRATADO,B,2021-07-28,107402
1718,Juan Rodríguez,CONTRATADO,A,2021-12-04,69641
1719,Javier Rodríguez,CONTRATADO,C,2021-08-24,76383
1720,Javier Pérez,CONTRATADO,A,2020-10-12,62547
1721,Martín Suárez,CONTRATADO,A,2023-04-27,119591
1722,Lucía Díaz,PERMANENTE,B,2003-01-19,92558
1723,Carlos Torres,CONTRATADO,C,2023-04-18,92274
1724,Juan Díaz,CONTRATADO,B,2023-11-09,116999
1725,Javier Suárez,CONTRATADO,B,2022-09-30,65027
1726,Paula Pérez,CONTRATADO,A,2020-09-26,84050
1727,Juan Rodríguez,PERMANENTE,B,2002-02-11,81812
1728,María Torres,CONTRATADO,B,2022-07-26,60451
1729,Javier López,PERMANENTE,A,2002-10-28,99347
1730,Sofía Pérez,PERMANENTE,C,2013-07-20,83749
1731,Juan Torres,PERMANENTE,B,2016-07-01,99722
1732,Martín Rodríguez,CONTRATADO,A,2021-06-20,93907
1733,Pedro Díaz,CONTRATADO,A,2022-04-18,108756
1734,María Díaz,CONTRATADO,B,2020-10-03,82820
1735,Pedro Romero,PERMANENTE,A,2005-03-01,69108
1736,Ana Ramírez,CONTRATADO,A,2020-11-09,84517
1737,Sofía Ramírez,PERMANENTE,A,2006-08-26,93551
1738,Javier Rodríguez,PERMANENTE,C,2018-11-16,63941
1739,Ana González,PERMANENTE,B,2008-09-14,102435
1740,Ana Torres,PERMANENTE,C,2012-10-29,65821
1741,Sofía Rodríguez,PERMANENTE,A,2008-09-14,77253
1742,Pedro Rodríguez,CONTRATADO,A,2022-10-25,119742
1743,Ana Suárez,CONTRATADO,B,2021-12-05,110857
1744,Javier Romero,CONTRATADO,B,2023-10-06,84353
1745,Pedro Romero,CONTRATADO,C,2023-11-08,94000
1746,Sofía Romero,PERMANENTE,C,2010-09-30,67459
1747,Javier Torres,CONTRATADO,B,2022-08-27,110889
1748,Ana López,CONTRATADO,C,2021-01-24,97893
1749,Ana Rodríguez,CONTRATADO,B,2022-10-21,87830
1750,Martín Suárez,CONTRATADO,B,2020-12-22,90012
1751,Ana Ramírez,CONTRATADO,B,2021-07-04,72237
1752,Sofía Díaz,PERMANENTE,C,2015-09-09,82232
1753,Ana Fernández,CONTRATADO,C,2021-04-09,114554
1754,Sofía Torres,CONTRATADO,C,2021-08-05,77637
1755,Javier González,PERMANENTE,A,2007-01-06,97074
1756,Paula Pérez,CONTRATADO,A,2020-07-11,63903
1757,Pedro Ramírez,CONTRATADO,C,2022-04-13,66599
1758,Martín Pérez,CONTRATADO,B,2021-03-02,92302
1759,Javier González,PERMANENTE,A,2018-03-14,84205
1760,Javier Romero,PERMANENTE,B,2015-11-14,97443
1761,María Díaz,PERMANENTE,A,2011-03-15,110346
1762,Ana Torres,PERMANENTE,C,2010-01-14,62698
1763,Juan Díaz,PERMANENTE,B,2005-11-19,79724
1764,Lucía Suárez,CONTRATADO,C,2023-03-07,63319
1765,Sofía Torres,PERMANENTE,A,2014-06-28,115394
1766,Ana Rodríguez,CONTRATADO,C,2021-06-24,117467
1767,Javier Díaz,CONTRATADO,C,2023-02-22,67113
1768,Lucía Torres,PERMANENTE,C,2015-05-21,76451
1769,Paula Suárez,CONTRATADO,C,2020-01-27,69447
1770,Ana Romero,CONTRATADO,A,2023-07-01,116088
1771,Sofía Pérez,PERMANENTE,B,2006-09-04,104075
1772,María López,CONTRATADO,C,2020-01-05,80938
1773,Carlos Díaz,PERMANENTE,B,2011-10-07,94030
1774,Paula Rodríguez,CONTRATADO,B,2021-04-12,98124
1775,Carlos Fernández,CONTRATADO,A,2021-06-24,107858
1776,Martín Fernández,PERMANENTE,C,2004-07-11,61479
1777,Carlos Rodríguez,PERMANENTE,B,2001-05-29,68349
1778,Martín Suárez,CONTRATADO,B,2023-03-30,107933
1779,Lucía Ramírez,PERMANENTE,B,2003-12-03,85675
1780,Ana González,PERMANENTE,C,2019-12-23,69287
1781,María Suárez,CONTRATADO,B,2023-02-10,96820
1782,Juan Pérez,CONTRATADO,C,2022-03-18,86825
1783,Ana Suárez,PERMANENTE,A,2003-01-27,96166
1784,Ana Pérez,PERMANENTE,B,2010-04-20,102806
1785,Pedro Díaz,CONTRATADO,B,2021-09-30,75870
1786,Lucía Torres,CONTRATADO,B,2022-09-18,74301
1787,Javier Rodríguez,PERMANENTE,C,2007-11-07,108207
1788,Pedro Suárez,CONTRATADO,B,2020-08-31,66714
1789,Javier Díaz,CONTRATADO,B,2021-06-14,70621
1790,Carlos Fernández,CONTRATADO,B,2020-11-27,76945
1791,Juan Ramírez,CONTRATADO,A,2023-10-31,86785
1792,Juan Pérez,PERMANENTE,B,2016-11-25,95382
1793,Javier López,PERMANENTE,C,2016-12-19,60160
1794,Sofía Romero,PERMANENTE,A,2007-01-12,67393
1795,Pedro Ramírez,CONTRATADO,A,2022-08-15,109311
1796,María Pérez,CONTRATADO,C,2020-02-24,96012
1797,Javier López,PERMANENTE,B,2016-09-25,92182
1798,Sofía Suárez,PERMANENTE,A,2017-04-14,75388
1799,Sofía Rodríguez,PERMANENTE,A,2019-05-22,61520
1800,Javier Suárez,CONTRATADO,B,2023-12-19,61507
1801,Ana Romero,CONTRATADO,A,2022-11-26,100241
1802,Javier Fernández,CONTRATADO,C,2023-12-21,95009
1803,Juan Suárez,CONTRATADO,C,2021-10-14,73814
1804,Juan Rodríguez,CONTRATADO,B,2023-09-26,89990
1805,Lucía Torres,CONTRATADO,C,2021-10-10,93049
1806,Paula Díaz,CONTRATADO,A,2023-05-12,67572
1807,María Pérez,CONTRATADO,B,2023-01-31,85664
1808,Sofía Suárez,PERMANENTE,C,2003-09-22,72985
1809,Carlos López,PERMANENTE,C,2004-05-23,67539
1810,Ana Fernández,CONTRATADO,C,2020-10-29,115474
1811,Sofía Rodríguez,CONTRATADO,C,2021-10-29,110023
1812,María Romero,PERMANENTE,C,2004-06-01,97138
1813,Pedro Torres,PERMANENTE,A,2017-12-07,76700
1814,Lucía López,PERMANENTE,A,2000-06-10,72270
1815,Juan Ramírez,PERMANENTE,C,2008-06-16,71845
1816,Ana Suárez,PERMANENTE,A,2002-11-04,80542
1817,María Ramírez,CONTRATADO,A,2020-07-02,112458
1818,Pedro Rodríguez,CONTRATADO,C,2021-10-15,102199
1819,Paula Torres,PERMANENTE,A,2001-07-15,89653
1820,Pedro Pérez,CONTRATADO,C,2020-07-22,94705
1821,Pedro Torres,PERMANENTE,B,2009-03-01,72508
1822,Ana López,CONTRATADO,A,2020-11-10,107090
1823,Javier Díaz,PERMANENTE,A,2007-05-04,101258
1824,María Romero,PERMANENTE,A,2015-09-21,88308
1825,Javier Ramírez,CONTRATADO,C,2022-02-24,115389
1826,Lucía Torres,PERMANENTE,B,2003-05-31,72683
1827,Juan Suárez,PERMANENTE,C,2011-12-22,71129
1828,Lucía Pérez,CONTRATADO,C,2020-04-27,73553
1829,Martín Ramírez,CONTRATADO,C,2023-09-29,85195
1830,Martín Ramírez,PERMANENTE,C,2012-08-06,101981
1831,Carlos López,PERMANENTE,A,2008-01-01,71460
1832,María Fernández,PERMANENTE,C,2001-04-22,100152
1833,Carlos López,CONTRATADO,B,2023-02-12,71191
1834,Ana Ramírez,CONTRATADO,B,2023-02-11,85534
1835,Carlos Díaz,PERMANENTE,B,2014-06-08,87780
1836,Paula Pérez,CONTRATADO,B,2020-01-03,87268
1837,Paula Romero,CONTRATADO,B,2022-02-23,77923
1838,Javier Suárez,CONTRATADO,A,2022-07-18,102891
1839,Sofía Fernández,PERMANENTE,A,2014-03-06,95005
1840,Pedro López,CONTRATADO,C,2023-10-24,68998
1841,Ana Pérez,PERMANENTE,B,2019-08-12,100977
1842,Paula López,PERMANENTE,A,2012-10-31,86519
1843,Javier Romero,CONTRATADO,C,2023-06-24,71782
1844,Paula Díaz,CONTRATADO,C,2020-05-08,81059
1845,Ana Suárez,CONTRATADO,C,2021-05-26,115528
1846,Lucía Romero,CONTRATADO,B,2020-04-20,97126
1847,Martín Díaz,CONTRATADO,B,2020-04-01,61345
1848,María Romero,PERMANENTE,A,2001-06-03,97307
1849,Javier Pérez,CONTRATADO,C,2020-04-05,112298
1850,Pedro Pérez,CONTRATADO,A,2022-11-07,113109
1851,Javier Ramírez,CONTRATADO,C,2022-05-31,69370
1852,Ana Ramírez,CONTRATADO,B,2023-11-05,75684
1853,Javier Díaz,CONTRATADO,A,2020-09-28,94885
1854,Pedro Romero,CONTRATADO,A,2021-10-21,93528
1855,Lucía Suárez,CONTRATADO,C,2020-10-11,77811
1856,Ana Pérez,CONTRATADO,A,2023-11-25,72958
1857,Pedro Rodríguez,PERMANENTE,A,2009-06-02,70726
1858,Martín Fernández,CONTRATADO,B,2023-03-30,79361
1859,Sofía González,PERMANENTE,B,2003-07-19,80259
1860,Martín Ramírez,CONTRATADO,C,2023-02-12,85968
1861,Javier López,PERMANENTE,C,2002-11-27,105473
1862,Paula González,PERMANENTE,A,2015-12-26,118782
1863,María Suárez,CONTRATADO,C,2021-08-30,83918
1864,Lucía Torres,PERMANENTE,A,2002-05-22,115544
1865,Lucía González,CONTRATADO,C,2021-08-29,88812
1866,Sofía Suárez,CONTRATADO,C,2023-07-30,105509
1867,Paula Ramírez,PERMANENTE,C,2017-08-16,94228
1868,Pedro Fernández,PERMANENTE,A,2018-08-14,112766
1869,Javier González,CONTRATADO,B,2021-07-28,71048
1870,Paula Pérez,CONTRATADO,A,2022-06-30,106106
1871,Javier Díaz,CONTRATADO,A,2021-07-20,67452
1872,Carlos Díaz,CONTRATADO,A,2022-01-27,94008
1873,Sofía Romero,CONTRATADO,C,2020-12-10,60075
1874,Sofía González,PERMANENTE,C,2003-04-28,104603
1875,Lucía Romero,PERMANENTE,B,2008-09-15,105791
1876,Javier Díaz,CONTRATADO,A,2022-12-29,90884
1877,María López,PERMANENTE,C,2001-07-25,117459
1878,Paula Rodríguez,PERMANENTE,C,2016-05-15,97557
1879,Juan González,PERMANENTE,C,2008-10-21,77298
1880,Lucía Díaz,PERMANENTE,C,2016-11-17,87613
1881,Martín Rodríguez,PERMANENTE,A,2007-06-06,64973
1882,Paula Fernández,PERMANENTE,B,2018-11-03,101405
1883,Sofía Rodríguez,PERMANENTE,C,2009-04-05,61007
1884,Carlos Díaz,PERMANENTE,A,2004-01-12,96376
1885,María Ramírez,PERMANENTE,B,2019-11-08,79970
1886,Pedro Rodríguez,PERMANENTE,B,2017-03-10,75548
1887,Carlos Díaz,PERMANENTE,C,2018-10-24,90871
1888,Juan González,PERMANENTE,A,2000-08-11,71201
1889,Sofía Rodríguez,PERMANENTE,A,2011-03-09,80863
1890,Ana Díaz,CONTRATADO,B,2022-01-17,97066
1891,Martín Ramírez,PERMANENTE,C,2017-01-01,110811
1892,Lucía Romero,PERMANENTE,C,2013-04-16,61138
1893,Paula Pérez,PERMANENTE,B,2010-07-28,63737
1894,Pedro Torres,CONTRATADO,A,2020-08-24,71877
1895,Javier González,CONTRATADO,B,2023-04-18,77754
1896,Pedro Torres,PERMANENTE,C,2002-08-25,91606
1897,Ana Torres,CONTRATADO,B,2020-06-05,116137
1898,Ana Fernández,CONTRATADO,B,2022-12-27,72197
1899,Martín Fernández,CONTRATADO,B,2020-03-23,98924
1900,Ana López,CONTRATADO,B,2022-12-01,101405
1901,Ana Pérez,PERMANENTE,C,2008-07-10,104702
1902,Lucía Ramírez,CONTRATADO,C,2022-03-29,74476
1903,Juan Torres,PERMANENTE,B,2006-08-07,90123
1904,Ana González,PERMANENTE,C,2008-03-16,100130
1905,Martín Torres,CONTRATADO,A,2021-05-08,80512
1906,María Rodríguez,PERMANENTE,C,2015-05-06,64534
1907,Lucía Fernández,PERMANENTE,C,2007-12-13,91727
1908,Juan Suárez,CONTRATADO,A,2023-11-22,93759
1909,Ana Díaz,CONTRATADO,C,2023-10-04,103494
1910,Carlos Suárez,CONTRATADO,C,2023-06-23,99405
1911,Javier Díaz,PERMANENTE,A,2018-09-09,114158
1912,Carlos González,CONTRATADO,A,2023-04-11,91718
1913,Ana Ramírez,PERMANENTE,A,2008-03-27,71692
1914,Pedro Pérez,PERMANENTE,B,2003-10-27,82103
1915,Sofía Rodríguez,CONTRATADO,A,2023-08-03,77622
1916,Carlos Suárez,PERMANENTE,B,2008-11-14,76332
1917,Juan Pérez,CONTRATADO,A,2023-10-28,119701
1918,Javier Pérez,CONTRATADO,A,2020-09-09,88225
1919,Carlos Romero,CONTRATADO,C,2023-11-24,81768
1920,Sofía González,PERMANENTE,A,2013-12-02,80074
1921,Lucía Díaz,CONTRATADO,A,2023-01-31,75199
1922,Martín López,PERMANENTE,C,2007-06-27,96863
1923,Javier González,PERMANENTE,A,2000-12-27,82520
1924,Carlos Ramírez,PERMANENTE,B,2001-11-09,118011
1925,Juan Suárez,PERMANENTE,A,2002-06-13,73960
1926,Pedro González,CONTRATADO,A,2022-05-14,103085
1927,Javier Pérez,PERMANENTE,B,2000-07-05,72522
1928,Juan Fernández,CONTRATADO,B,2023-02-11,66588
1929,Sofía Díaz,CONTRATADO,C,2020-07-23,102538
1930,Paula López,CONTRATADO,C,2021-02-08,88590
1931,Carlos López,CONTRATADO,B,2023-02-23,102775
1932,Javier Torres,PERMANENTE,A,2007-03-22,91428
1933,María Fernández,PERMANENTE,A,2011-06-06,99197
1934,Paula Ramírez,CONTRATADO,C,2020-05-02,115665
1935,Sofía González,CONTRATADO,C,2020-11-07,73447
1936,Javier Fernández,CONTRATADO,B,2021-05-09,60475
1937,Juan Romero,PERMANENTE,A,2017-09-02,64833
1938,Martín González,CONTRATADO,B,2023-08-15,104741
1939,Ana Fernández,CONTRATADO,C,2021-03-16,74018
1940,Sofía Romero,PERMANENTE,B,2002-02-07,97175
1941,Juan Romero,CONTRATADO,C,2021-10-18,92244
1942,Paula Díaz,CONTRATADO,A,2021-01-10,101907
1943,María Suárez,PERMANENTE,A,2005-02-07,109405
1944,Lucía López,CONTRATADO,C,2022-11-01,101590
1945,Paula Rodríguez,CONTRATADO,C,2022-07-06,91779
1946,Paula Rodríguez,CONTRATADO,C,2021-12-20,112857
1947,Paula Rodríguez,PERMANENTE,B,2007-08-11,113816
1948,Sofía Rodríguez,PERMANENTE,A,2005-06-29,105238
1949,Javier Rodríguez,PERMANENTE,B,2013-12-02,63577
1950,Lucía González,CONTRATADO,C,2022-03-02,82304
1951,Paula Rodríguez,CONTRATADO,B,2021-07-12,75800
1952,Ana González,PERMANENTE,B,2006-08-13,98072
1953,Javier Pérez,PERMANENTE,A,2013-06-20,82093
1954,Javier Romero,CONTRATADO,B,2021-01-02,61698
1955,Sofía Fernández,CONTRATADO,A,2021-08-04,94646
1956,Ana Torres,CONTRATADO,B,2023-02-12,85463
1957,Javier Fernández,CONTRATADO,C,2020-04-08,108156
1958,Pedro Rodríguez,PERMANENTE,C,2013-02-04,119336
1959,Pedro Romero,PERMANENTE,A,2011-04-05,66990
1960,María Rodríguez,CONTRATADO,C,2021-03-25,63239
1961,Martín Torres,CONTRATADO,B,2023-10-27,82886
1962,Lucía Fernández,PERMANENTE,A,2018-03-28,78428
1963,Sofía Díaz,CONTRATADO,C,2023-07-31,112235
1964,Ana Torres,CONTRATADO,A,2023-10-07,113651
1965,Martín Díaz,PERMANENTE,C,2005-06-22,60031
1966,Sofía Ramírez,PERMANENTE,B,2004-09-24,101819
1967,Juan Ramírez,PERMANENTE,C,2019-08-08,118406
1968,Martín López,CONTRATADO,A,2022-01-28,95651
1969,Lucía Rodríguez,CONTRATADO,C,2022-09-20,81478
1970,Juan Díaz,CONTRATADO,A,2020-08-26,80806
1971,Sofía Ramírez,PERMANENTE,C,2016-06-17,101020
1972,María Ramírez,CONTRATADO,C,2020-01-19,98014
1973,Paula López,CONTRATADO,B,2022-11-16,119753
1974,Pedro González,PERMANENTE,A,2000-04-05,104951
1975,Carlos Suárez,CONTRATADO,C,2022-05-07,106401
1976,María Díaz,CONTRATADO,A,2022-10-06,95865
1977,Paula Díaz,CONTRATADO,C,2021-07-10,108584
1978,María Ramírez,PERMANENTE,B,2018-05-22,97046
1979,María Romero,CONTRATADO,B,2024-01-01,83965
1980,Sofía Díaz,PERMANENTE,A,2013-11-24,80175
1981,Ana López,PERMANENTE,B,2006-04-29,119780
1982,Martín Díaz,CONTRATADO,B,2021-05-22,77680
1983,Carlos Fernández,PERMANENTE,A,2018-01-02,67623
1984,Sofía Torres,CONTRATADO,A,2023-08-23,112706
1985,Martín Torres,PERMANENTE,A,2010-06-14,99581
1986,Pedro Díaz,CONTRATADO,C,2022-01-03,88377
1987,Juan Fernández,PERMANENTE,B,2001-08-17,106173
1988,Martín Pérez,PERMANENTE,C,2015-02-23,67262
1989,Ana López,CONTRATADO,A,2020-05-21,63782
1990,Lucía Díaz,CONTRATADO,A,2022-02-24,109967
1991,Carlos Romero,PERMANENTE,A,2013-10-02,88078
1992,Carlos Rodríguez,PERMANENTE,C,2019-11-12,112721
1993,Javier Suárez,CONTRATADO,B,2023-07-26,92777
1994,Juan Díaz,PERMANENTE,C,2006-10-24,99259
1995,Ana Fernández,PERMANENTE,A,2001-05-26,107907
1996,Sofía Fernández,PERMANENTE,A,2013-02-24,106699
1997,Ana Torres,CONTRATADO,C,2022-01-27,90240
1998,Javier Díaz,CONTRATADO,C,2020-10-02,97023
1999,Pedro Suárez,CONTRATADO,C,2021-06-03,111608
2000,María Torres,PERMANENTE,C,2015-02-05,94016
